local,valor,data,periodo,ano
BRA,102.259,2008-1-1,2008-01,2008
BRA,102.1566,2008-2-1,2008-02,2008
BRA,102.0205,2008-3-1,2008-03,2008
BRA,101.9726,2008-4-1,2008-04,2008
BRA,102.0602,2008-5-1,2008-05,2008
BRA,102.2105,2008-6-1,2008-06,2008
BRA,102.2627,2008-7-1,2008-07,2008
BRA,102.0962,2008-8-1,2008-08,2008
BRA,101.459,2008-9-1,2008-09,2008
BRA,100.2135,2008-10-1,2008-10,2008
BRA,98.62952,2008-11-1,2008-11,2008
BRA,97.4621,2008-12-1,2008-12,2008
BRA,97.02917,2009-1-1,2009-01,2009
BRA,97.1057,2009-2-1,2009-02,2009
BRA,97.50246,2009-3-1,2009-03,2009
BRA,98.09568,2009-4-1,2009-04,2009
BRA,98.74857,2009-5-1,2009-05,2009
BRA,99.3812,2009-6-1,2009-06,2009
BRA,99.9807,2009-7-1,2009-07,2009
BRA,100.5523,2009-8-1,2009-08,2009
BRA,101.1032,2009-9-1,2009-09,2009
BRA,101.5751,2009-10-1,2009-10,2009
BRA,101.9035,2009-11-1,2009-11,2009
BRA,102.1024,2009-12-1,2009-12,2009
BRA,102.228,2010-1-1,2010-01,2010
BRA,102.3387,2010-2-1,2010-02,2010
BRA,102.4096,2010-3-1,2010-03,2010
BRA,102.4338,2010-4-1,2010-04,2010
BRA,102.4049,2010-5-1,2010-05,2010
BRA,102.2922,2010-6-1,2010-06,2010
BRA,102.176,2010-7-1,2010-07,2010
BRA,102.1348,2010-8-1,2010-08,2010
BRA,102.1364,2010-9-1,2010-09,2010
BRA,102.1049,2010-10-1,2010-10,2010
BRA,102.0259,2010-11-1,2010-11,2010
BRA,101.9509,2010-12-1,2010-12,2010
BRA,101.8912,2011-1-1,2011-01,2011
BRA,101.8925,2011-2-1,2011-02,2011
BRA,101.8955,2011-3-1,2011-03,2011
BRA,101.8148,2011-4-1,2011-04,2011
BRA,101.6415,2011-5-1,2011-05,2011
BRA,101.3648,2011-6-1,2011-06,2011
BRA,101.0262,2011-7-1,2011-07,2011
BRA,100.7308,2011-8-1,2011-08,2011
BRA,100.5349,2011-9-1,2011-09,2011
BRA,100.4762,2011-10-1,2011-10,2011
BRA,100.4781,2011-11-1,2011-11,2011
BRA,100.5406,2011-12-1,2011-12,2011
BRA,100.6194,2012-1-1,2012-01,2012
BRA,100.603,2012-2-1,2012-02,2012
BRA,100.5389,2012-3-1,2012-03,2012
BRA,100.4912,2012-4-1,2012-04,2012
BRA,100.4851,2012-5-1,2012-05,2012
BRA,100.4881,2012-6-1,2012-06,2012
BRA,100.5624,2012-7-1,2012-07,2012
BRA,100.7553,2012-8-1,2012-08,2012
BRA,100.9325,2012-9-1,2012-09,2012
BRA,101.0359,2012-10-1,2012-10,2012
BRA,101.0522,2012-11-1,2012-11,2012
BRA,101.0823,2012-12-1,2012-12,2012
BRA,101.0992,2013-1-1,2013-01,2013
BRA,101.0639,2013-2-1,2013-02,2013
BRA,101.0411,2013-3-1,2013-03,2013
BRA,101.0622,2013-4-1,2013-04,2013
BRA,101.0553,2013-5-1,2013-05,2013
BRA,100.9432,2013-6-1,2013-06,2013
BRA,100.7433,2013-7-1,2013-07,2013
BRA,100.6134,2013-8-1,2013-08,2013
BRA,100.5076,2013-9-1,2013-09,2013
BRA,100.3863,2013-10-1,2013-10,2013
BRA,100.3081,2013-11-1,2013-11,2013
BRA,100.2599,2013-12-1,2013-12,2013
BRA,100.1949,2014-1-1,2014-01,2014
BRA,100.081,2014-2-1,2014-02,2014
BRA,99.93947,2014-3-1,2014-03,2014
BRA,99.71948,2014-4-1,2014-04,2014
BRA,99.37393,2014-5-1,2014-05,2014
BRA,99.03937,2014-6-1,2014-06,2014
BRA,98.7848,2014-7-1,2014-07,2014
BRA,98.60141,2014-8-1,2014-08,2014
BRA,98.55105,2014-9-1,2014-09,2014
BRA,98.57828,2014-10-1,2014-10,2014
BRA,98.61376,2014-11-1,2014-11,2014
BRA,98.57358,2014-12-1,2014-12,2014
BRA,98.44306,2015-1-1,2015-01,2015
BRA,98.17117,2015-2-1,2015-02,2015
BRA,97.77438,2015-3-1,2015-03,2015
BRA,97.43629,2015-4-1,2015-04,2015
BRA,97.18812,2015-5-1,2015-05,2015
BRA,97.0081,2015-6-1,2015-06,2015
BRA,96.95035,2015-7-1,2015-07,2015
BRA,96.9137,2015-8-1,2015-08,2015
BRA,96.95142,2015-9-1,2015-09,2015
BRA,97.02943,2015-10-1,2015-10,2015
BRA,97.06803,2015-11-1,2015-11,2015
BRA,97.08951,2015-12-1,2015-12,2015
BRA,97.08656,2016-1-1,2016-01,2016
BRA,97.0672,2016-2-1,2016-02,2016
BRA,97.1373,2016-3-1,2016-03,2016
BRA,97.32094,2016-4-1,2016-04,2016
BRA,97.54342,2016-5-1,2016-05,2016
CHN,101.0142,2008-1-1,2008-01,2008
CHN,101.4847,2008-2-1,2008-02,2008
CHN,102.3053,2008-3-1,2008-03,2008
CHN,102.2837,2008-4-1,2008-04,2008
CHN,101.1048,2008-5-1,2008-05,2008
CHN,99.7832,2008-6-1,2008-06,2008
CHN,98.65945,2008-7-1,2008-07,2008
CHN,98.02041,2008-8-1,2008-08,2008
CHN,97.28077,2008-9-1,2008-09,2008
CHN,95.6221,2008-10-1,2008-10,2008
CHN,94.24304,2008-11-1,2008-11,2008
CHN,94.45741,2008-12-1,2008-12,2008
CHN,95.94425,2009-1-1,2009-01,2009
CHN,97.82822,2009-2-1,2009-02,2009
CHN,99.40465,2009-3-1,2009-03,2009
CHN,100.2516,2009-4-1,2009-04,2009
CHN,100.4878,2009-5-1,2009-05,2009
CHN,100.5189,2009-6-1,2009-06,2009
CHN,100.5856,2009-7-1,2009-07,2009
CHN,100.7868,2009-8-1,2009-08,2009
CHN,101.0661,2009-9-1,2009-09,2009
CHN,101.389,2009-10-1,2009-10,2009
CHN,101.6252,2009-11-1,2009-11,2009
CHN,101.7109,2009-12-1,2009-12,2009
CHN,101.413,2010-1-1,2010-01,2010
CHN,100.9985,2010-2-1,2010-02,2010
CHN,101.1008,2010-3-1,2010-03,2010
CHN,101.0845,2010-4-1,2010-04,2010
CHN,100.615,2010-5-1,2010-05,2010
CHN,99.99856,2010-6-1,2010-06,2010
CHN,99.68121,2010-7-1,2010-07,2010
CHN,99.89362,2010-8-1,2010-08,2010
CHN,100.4832,2010-9-1,2010-09,2010
CHN,100.9711,2010-10-1,2010-10,2010
CHN,101.0962,2010-11-1,2010-11,2010
CHN,100.812,2010-12-1,2010-12,2010
CHN,100.4314,2011-1-1,2011-01,2011
CHN,100.2101,2011-2-1,2011-02,2011
CHN,100.1871,2011-3-1,2011-03,2011
CHN,100.0288,2011-4-1,2011-04,2011
CHN,99.69891,2011-5-1,2011-05,2011
CHN,99.34761,2011-6-1,2011-06,2011
CHN,99.15546,2011-7-1,2011-07,2011
CHN,99.09145,2011-8-1,2011-08,2011
CHN,98.99715,2011-9-1,2011-09,2011
CHN,98.75877,2011-10-1,2011-10,2011
CHN,98.56313,2011-11-1,2011-11,2011
CHN,98.7046,2011-12-1,2011-12,2011
CHN,99.02538,2012-1-1,2012-01,2012
CHN,99.47536,2012-2-1,2012-02,2012
CHN,99.89933,2012-3-1,2012-03,2012
CHN,99.8566,2012-4-1,2012-04,2012
CHN,99.33002,2012-5-1,2012-05,2012
CHN,98.87661,2012-6-1,2012-06,2012
CHN,98.58964,2012-7-1,2012-07,2012
CHN,98.44411,2012-8-1,2012-08,2012
CHN,98.52984,2012-9-1,2012-09,2012
CHN,98.71137,2012-10-1,2012-10,2012
CHN,98.866,2012-11-1,2012-11,2012
CHN,98.918,2012-12-1,2012-12,2012
CHN,98.8998,2013-1-1,2013-01,2013
CHN,98.90002,2013-2-1,2013-02,2013
CHN,98.97369,2013-3-1,2013-03,2013
CHN,98.98026,2013-4-1,2013-04,2013
CHN,98.94154,2013-5-1,2013-05,2013
CHN,98.87315,2013-6-1,2013-06,2013
CHN,98.93129,2013-7-1,2013-07,2013
CHN,99.1034,2013-8-1,2013-08,2013
CHN,99.25797,2013-9-1,2013-09,2013
CHN,99.35001,2013-10-1,2013-10,2013
CHN,99.32047,2013-11-1,2013-11,2013
CHN,99.16603,2013-12-1,2013-12,2013
CHN,98.96864,2014-1-1,2014-01,2014
CHN,98.83419,2014-2-1,2014-02,2014
CHN,98.82011,2014-3-1,2014-03,2014
CHN,98.908,2014-4-1,2014-04,2014
CHN,99.07172,2014-5-1,2014-05,2014
CHN,99.24333,2014-6-1,2014-06,2014
CHN,99.36523,2014-7-1,2014-07,2014
CHN,99.32645,2014-8-1,2014-08,2014
CHN,99.21838,2014-9-1,2014-09,2014
CHN,99.04981,2014-10-1,2014-10,2014
CHN,98.85509,2014-11-1,2014-11,2014
CHN,98.70079,2014-12-1,2014-12,2014
CHN,98.61069,2015-1-1,2015-01,2015
CHN,98.61224,2015-2-1,2015-02,2015
CHN,98.6647,2015-3-1,2015-03,2015
CHN,98.71164,2015-4-1,2015-04,2015
CHN,98.73638,2015-5-1,2015-05,2015
CHN,98.71499,2015-6-1,2015-06,2015
CHN,98.64549,2015-7-1,2015-07,2015
CHN,98.56934,2015-8-1,2015-08,2015
CHN,98.53291,2015-9-1,2015-09,2015
CHN,98.50191,2015-10-1,2015-10,2015
CHN,98.45166,2015-11-1,2015-11,2015
CHN,98.39819,2015-12-1,2015-12,2015
CHN,98.34051,2016-1-1,2016-01,2016
CHN,98.36807,2016-2-1,2016-02,2016
CHN,98.55663,2016-3-1,2016-03,2016
CHN,98.72479,2016-4-1,2016-04,2016
G-207,100.1054,2008-1-1,2008-01,2008
G-207,100.011,2008-2-1,2008-02,2008
G-207,99.95048,2008-3-1,2008-03,2008
G-207,99.90791,2008-4-1,2008-04,2008
G-207,99.90232,2008-5-1,2008-05,2008
G-207,99.86983,2008-6-1,2008-06,2008
G-207,99.71728,2008-7-1,2008-07,2008
G-207,99.37105,2008-8-1,2008-08,2008
G-207,98.77055,2008-9-1,2008-09,2008
G-207,98.08074,2008-10-1,2008-10,2008
G-207,97.47359,2008-11-1,2008-11,2008
G-207,97.03249,2008-12-1,2008-12,2008
G-207,96.83465,2009-1-1,2009-01,2009
G-207,96.74232,2009-2-1,2009-02,2009
G-207,96.80541,2009-3-1,2009-03,2009
G-207,97.08442,2009-4-1,2009-04,2009
G-207,97.46197,2009-5-1,2009-05,2009
G-207,97.87219,2009-6-1,2009-06,2009
G-207,98.31296,2009-7-1,2009-07,2009
G-207,98.72691,2009-8-1,2009-08,2009
G-207,99.02191,2009-9-1,2009-09,2009
G-207,99.27178,2009-10-1,2009-10,2009
G-207,99.45505,2009-11-1,2009-11,2009
G-207,99.68039,2009-12-1,2009-12,2009
G-207,99.96279,2010-1-1,2010-01,2010
G-207,100.2249,2010-2-1,2010-02,2010
G-207,100.479,2010-3-1,2010-03,2010
G-207,100.5986,2010-4-1,2010-04,2010
G-207,100.5782,2010-5-1,2010-05,2010
G-207,100.4948,2010-6-1,2010-06,2010
G-207,100.4808,2010-7-1,2010-07,2010
G-207,100.5377,2010-8-1,2010-08,2010
G-207,100.656,2010-9-1,2010-09,2010
G-207,100.8264,2010-10-1,2010-10,2010
G-207,101.0032,2010-11-1,2010-11,2010
G-207,101.1639,2010-12-1,2010-12,2010
G-207,101.2767,2011-1-1,2011-01,2011
G-207,101.3272,2011-2-1,2011-02,2011
G-207,101.2717,2011-3-1,2011-03,2011
G-207,101.0981,2011-4-1,2011-04,2011
G-207,100.833,2011-5-1,2011-05,2011
G-207,100.6395,2011-6-1,2011-06,2011
G-207,100.437,2011-7-1,2011-07,2011
G-207,100.2748,2011-8-1,2011-08,2011
G-207,100.1359,2011-9-1,2011-09,2011
G-207,100.0317,2011-10-1,2011-10,2011
G-207,100.0126,2011-11-1,2011-11,2011
G-207,100.068,2011-12-1,2011-12,2011
G-207,100.1546,2012-1-1,2012-01,2012
G-207,100.2204,2012-2-1,2012-02,2012
G-207,100.2191,2012-3-1,2012-03,2012
G-207,100.1428,2012-4-1,2012-04,2012
G-207,99.96048,2012-5-1,2012-05,2012
G-207,99.75708,2012-6-1,2012-06,2012
G-207,99.62344,2012-7-1,2012-07,2012
G-207,99.56487,2012-8-1,2012-08,2012
G-207,99.53525,2012-9-1,2012-09,2012
G-207,99.47136,2012-10-1,2012-10,2012
G-207,99.4454,2012-11-1,2012-11,2012
G-207,99.53663,2012-12-1,2012-12,2012
G-207,99.69612,2013-1-1,2013-01,2013
G-207,99.7931,2013-2-1,2013-02,2013
G-207,99.74262,2013-3-1,2013-03,2013
G-207,99.65519,2013-4-1,2013-04,2013
G-207,99.66861,2013-5-1,2013-05,2013
G-207,99.82535,2013-6-1,2013-06,2013
G-207,100.0562,2013-7-1,2013-07,2013
G-207,100.2924,2013-8-1,2013-08,2013
G-207,100.4609,2013-9-1,2013-09,2013
G-207,100.5658,2013-10-1,2013-10,2013
G-207,100.6288,2013-11-1,2013-11,2013
G-207,100.6075,2013-12-1,2013-12,2013
G-207,100.5358,2014-1-1,2014-01,2014
G-207,100.5599,2014-2-1,2014-02,2014
G-207,100.61,2014-3-1,2014-03,2014
G-207,100.6571,2014-4-1,2014-04,2014
G-207,100.6793,2014-5-1,2014-05,2014
G-207,100.6814,2014-6-1,2014-06,2014
G-207,100.7036,2014-7-1,2014-07,2014
G-207,100.7413,2014-8-1,2014-08,2014
G-207,100.7361,2014-9-1,2014-09,2014
G-207,100.7545,2014-10-1,2014-10,2014
G-207,100.7269,2014-11-1,2014-11,2014
G-207,100.6129,2014-12-1,2014-12,2014
G-207,100.4902,2015-1-1,2015-01,2015
G-207,100.3855,2015-2-1,2015-02,2015
G-207,100.2997,2015-3-1,2015-03,2015
G-207,100.2582,2015-4-1,2015-04,2015
G-207,100.2662,2015-5-1,2015-05,2015
G-207,100.2426,2015-6-1,2015-06,2015
G-207,100.1714,2015-7-1,2015-07,2015
G-207,100.0684,2015-8-1,2015-08,2015
G-207,99.96528,2015-9-1,2015-09,2015
G-207,99.86549,2015-10-1,2015-10,2015
G-207,99.76825,2015-11-1,2015-11,2015
G-207,99.7234,2015-12-1,2015-12,2015
G-207,99.74525,2016-1-1,2016-01,2016
G-207,99.83605,2016-2-1,2016-02,2016
G-207,99.94667,2016-3-1,2016-03,2016
G-207,100.022,2016-4-1,2016-04,2016
G-207,100.0951,2016-5-1,2016-05,2016
IND,101.21,2008-1-1,2008-01,2008
IND,101.2766,2008-2-1,2008-02,2008
IND,101.1724,2008-3-1,2008-03,2008
IND,100.956,2008-4-1,2008-04,2008
IND,100.6903,2008-5-1,2008-05,2008
IND,100.4009,2008-6-1,2008-06,2008
IND,100.0839,2008-7-1,2008-07,2008
IND,99.7003,2008-8-1,2008-08,2008
IND,99.19762,2008-9-1,2008-09,2008
IND,98.59875,2008-10-1,2008-10,2008
IND,97.9201,2008-11-1,2008-11,2008
IND,97.186,2008-12-1,2008-12,2008
IND,96.5229,2009-1-1,2009-01,2009
IND,96.14103,2009-2-1,2009-02,2009
IND,96.24508,2009-3-1,2009-03,2009
IND,96.66364,2009-4-1,2009-04,2009
IND,97.23485,2009-5-1,2009-05,2009
IND,97.87753,2009-6-1,2009-06,2009
IND,98.50967,2009-7-1,2009-07,2009
IND,99.05003,2009-8-1,2009-08,2009
IND,99.43031,2009-9-1,2009-09,2009
IND,99.69907,2009-10-1,2009-10,2009
IND,99.89301,2009-11-1,2009-11,2009
IND,100.0197,2009-12-1,2009-12,2009
IND,100.1151,2010-1-1,2010-01,2010
IND,100.2081,2010-2-1,2010-02,2010
IND,100.3155,2010-3-1,2010-03,2010
IND,100.4405,2010-4-1,2010-04,2010
IND,100.5876,2010-5-1,2010-05,2010
IND,100.7607,2010-6-1,2010-06,2010
IND,100.939,2010-7-1,2010-07,2010
IND,101.0916,2010-8-1,2010-08,2010
IND,101.1874,2010-9-1,2010-09,2010
IND,101.2311,2010-10-1,2010-10,2010
IND,101.2146,2010-11-1,2010-11,2010
IND,101.1214,2010-12-1,2010-12,2010
IND,100.9906,2011-1-1,2011-01,2011
IND,100.8609,2011-2-1,2011-02,2011
IND,100.7513,2011-3-1,2011-03,2011
IND,100.6416,2011-4-1,2011-04,2011
IND,100.4962,2011-5-1,2011-05,2011
IND,100.2885,2011-6-1,2011-06,2011
IND,100.0607,2011-7-1,2011-07,2011
IND,99.87447,2011-8-1,2011-08,2011
IND,99.78272,2011-9-1,2011-09,2011
IND,99.75859,2011-10-1,2011-10,2011
IND,99.77408,2011-11-1,2011-11,2011
IND,99.81084,2011-12-1,2011-12,2011
IND,99.83132,2012-1-1,2012-01,2012
IND,99.78484,2012-2-1,2012-02,2012
IND,99.62982,2012-3-1,2012-03,2012
IND,99.42307,2012-4-1,2012-04,2012
IND,99.23666,2012-5-1,2012-05,2012
IND,99.12653,2012-6-1,2012-06,2012
IND,99.08082,2012-7-1,2012-07,2012
IND,99.08759,2012-8-1,2012-08,2012
IND,99.13841,2012-9-1,2012-09,2012
IND,99.17915,2012-10-1,2012-10,2012
IND,99.1349,2012-11-1,2012-11,2012
IND,98.94494,2012-12-1,2012-12,2012
IND,98.68257,2013-1-1,2013-01,2013
IND,98.44025,2013-2-1,2013-02,2013
IND,98.287,2013-3-1,2013-03,2013
IND,98.20586,2013-4-1,2013-04,2013
IND,98.18254,2013-5-1,2013-05,2013
IND,98.22211,2013-6-1,2013-06,2013
IND,98.30768,2013-7-1,2013-07,2013
IND,98.43658,2013-8-1,2013-08,2013
IND,98.61041,2013-9-1,2013-09,2013
IND,98.78186,2013-10-1,2013-10,2013
IND,98.88557,2013-11-1,2013-11,2013
IND,98.87145,2013-12-1,2013-12,2013
IND,98.80579,2014-1-1,2014-01,2014
IND,98.774,2014-2-1,2014-02,2014
IND,98.83506,2014-3-1,2014-03,2014
IND,98.942,2014-4-1,2014-04,2014
IND,99.02776,2014-5-1,2014-05,2014
IND,99.04507,2014-6-1,2014-06,2014
IND,99.02766,2014-7-1,2014-07,2014
IND,99.02394,2014-8-1,2014-08,2014
IND,99.06548,2014-9-1,2014-09,2014
IND,99.12171,2014-10-1,2014-10,2014
IND,99.14303,2014-11-1,2014-11,2014
IND,99.08905,2014-12-1,2014-12,2014
IND,98.99195,2015-1-1,2015-01,2015
IND,98.89243,2015-2-1,2015-02,2015
IND,98.81892,2015-3-1,2015-03,2015
IND,98.76903,2015-4-1,2015-04,2015
IND,98.73869,2015-5-1,2015-05,2015
IND,98.72743,2015-6-1,2015-06,2015
IND,98.72428,2015-7-1,2015-07,2015
IND,98.71893,2015-8-1,2015-08,2015
IND,98.70499,2015-9-1,2015-09,2015
IND,98.68526,2015-10-1,2015-10,2015
IND,98.66346,2015-11-1,2015-11,2015
MEX,100.2011,2008-1-1,2008-01,2008
MEX,100.2506,2008-2-1,2008-02,2008
MEX,100.4764,2008-3-1,2008-03,2008
MEX,100.6832,2008-4-1,2008-04,2008
MEX,100.4459,2008-5-1,2008-05,2008
MEX,100.0298,2008-6-1,2008-06,2008
MEX,99.45221,2008-7-1,2008-07,2008
MEX,98.58632,2008-8-1,2008-08,2008
MEX,97.06105,2008-9-1,2008-09,2008
MEX,95.31438,2008-10-1,2008-10,2008
MEX,94.26567,2008-11-1,2008-11,2008
MEX,93.99374,2008-12-1,2008-12,2008
MEX,94.02473,2009-1-1,2009-01,2009
MEX,94.17525,2009-2-1,2009-02,2009
MEX,94.83665,2009-3-1,2009-03,2009
MEX,95.74345,2009-4-1,2009-04,2009
MEX,96.40738,2009-5-1,2009-05,2009
MEX,97.14014,2009-6-1,2009-06,2009
MEX,97.79719,2009-7-1,2009-07,2009
MEX,98.07269,2009-8-1,2009-08,2009
MEX,98.11494,2009-9-1,2009-09,2009
MEX,98.22367,2009-10-1,2009-10,2009
MEX,98.7242,2009-11-1,2009-11,2009
MEX,99.4976,2009-12-1,2009-12,2009
MEX,100.181,2010-1-1,2010-01,2010
MEX,100.7811,2010-2-1,2010-02,2010
MEX,101.2688,2010-3-1,2010-03,2010
MEX,101.3994,2010-4-1,2010-04,2010
MEX,101.3481,2010-5-1,2010-05,2010
MEX,101.388,2010-6-1,2010-06,2010
MEX,101.5191,2010-7-1,2010-07,2010
MEX,101.3684,2010-8-1,2010-08,2010
MEX,101.0262,2010-9-1,2010-09,2010
MEX,100.9451,2010-10-1,2010-10,2010
MEX,101.1732,2010-11-1,2010-11,2010
MEX,101.5671,2010-12-1,2010-12,2010
MEX,102.0052,2011-1-1,2011-01,2011
MEX,102.3114,2011-2-1,2011-02,2011
MEX,102.2775,2011-3-1,2011-03,2011
MEX,101.8842,2011-4-1,2011-04,2011
MEX,101.4335,2011-5-1,2011-05,2011
MEX,101.1754,2011-6-1,2011-06,2011
MEX,101.0791,2011-7-1,2011-07,2011
MEX,100.9465,2011-8-1,2011-08,2011
MEX,100.9039,2011-9-1,2011-09,2011
MEX,101.0667,2011-10-1,2011-10,2011
MEX,101.2215,2011-11-1,2011-11,2011
MEX,101.545,2011-12-1,2011-12,2011
MEX,101.8884,2012-1-1,2012-01,2012
MEX,102.0124,2012-2-1,2012-02,2012
MEX,102.0687,2012-3-1,2012-03,2012
MEX,102.0308,2012-4-1,2012-04,2012
MEX,101.7661,2012-5-1,2012-05,2012
MEX,101.408,2012-6-1,2012-06,2012
MEX,101.1713,2012-7-1,2012-07,2012
MEX,101.0615,2012-8-1,2012-08,2012
MEX,101.0594,2012-9-1,2012-09,2012
MEX,101.1221,2012-10-1,2012-10,2012
MEX,101.5357,2012-11-1,2012-11,2012
MEX,102.2215,2012-12-1,2012-12,2012
MEX,102.6822,2013-1-1,2013-01,2013
MEX,102.6637,2013-2-1,2013-02,2013
MEX,102.3369,2013-3-1,2013-03,2013
MEX,102.0167,2013-4-1,2013-04,2013
MEX,101.7424,2013-5-1,2013-05,2013
MEX,101.4665,2013-6-1,2013-06,2013
MEX,101.1169,2013-7-1,2013-07,2013
MEX,100.7425,2013-8-1,2013-08,2013
MEX,100.3202,2013-9-1,2013-09,2013
MEX,99.93534,2013-10-1,2013-10,2013
MEX,99.85425,2013-11-1,2013-11,2013
MEX,99.9657,2013-12-1,2013-12,2013
MEX,100.1482,2014-1-1,2014-01,2014
MEX,100.2103,2014-2-1,2014-02,2014
MEX,100.278,2014-3-1,2014-03,2014
MEX,100.3641,2014-4-1,2014-04,2014
MEX,100.3698,2014-5-1,2014-05,2014
MEX,100.2607,2014-6-1,2014-06,2014
MEX,100.1075,2014-7-1,2014-07,2014
MEX,99.95802,2014-8-1,2014-08,2014
MEX,100.014,2014-9-1,2014-09,2014
MEX,100.082,2014-10-1,2014-10,2014
MEX,100.1997,2014-11-1,2014-11,2014
MEX,100.155,2014-12-1,2014-12,2014
MEX,100.2694,2015-1-1,2015-01,2015
MEX,100.3477,2015-2-1,2015-02,2015
MEX,100.4274,2015-3-1,2015-03,2015
MEX,100.5374,2015-4-1,2015-04,2015
MEX,100.584,2015-5-1,2015-05,2015
MEX,100.3829,2015-6-1,2015-06,2015
MEX,100.1989,2015-7-1,2015-07,2015
MEX,100.269,2015-8-1,2015-08,2015
MEX,100.4799,2015-9-1,2015-09,2015
MEX,100.653,2015-10-1,2015-10,2015
MEX,100.7829,2015-11-1,2015-11,2015
MEX,100.6494,2015-12-1,2015-12,2015
MEX,100.3968,2016-1-1,2016-01,2016
MEX,100.4624,2016-2-1,2016-02,2016
MEX,100.6299,2016-3-1,2016-03,2016
MEX,100.764,2016-4-1,2016-04,2016
OECD,100.2372,2008-1-1,2008-01,2008
OECD,100.1324,2008-2-1,2008-02,2008
OECD,100.072,2008-3-1,2008-03,2008
OECD,100.0031,2008-4-1,2008-04,2008
OECD,99.94063,2008-5-1,2008-05,2008
OECD,99.85481,2008-6-1,2008-06,2008
OECD,99.66334,2008-7-1,2008-07,2008
OECD,99.27185,2008-8-1,2008-08,2008
OECD,98.58579,2008-9-1,2008-09,2008
OECD,97.75968,2008-10-1,2008-10,2008
OECD,97.02558,2008-11-1,2008-11,2008
OECD,96.52191,2008-12-1,2008-12,2008
OECD,96.2995,2009-1-1,2009-01,2009
OECD,96.22752,2009-2-1,2009-02,2009
OECD,96.36644,2009-3-1,2009-03,2009
OECD,96.75864,2009-4-1,2009-04,2009
OECD,97.22872,2009-5-1,2009-05,2009
OECD,97.68848,2009-6-1,2009-06,2009
OECD,98.13976,2009-7-1,2009-07,2009
OECD,98.5237,2009-8-1,2009-08,2009
OECD,98.78453,2009-9-1,2009-09,2009
OECD,99.01618,2009-10-1,2009-10,2009
OECD,99.22456,2009-11-1,2009-11,2009
OECD,99.49603,2009-12-1,2009-12,2009
OECD,99.80499,2010-1-1,2010-01,2010
OECD,100.0873,2010-2-1,2010-02,2010
OECD,100.3579,2010-3-1,2010-03,2010
OECD,100.495,2010-4-1,2010-04,2010
OECD,100.4898,2010-5-1,2010-05,2010
OECD,100.4369,2010-6-1,2010-06,2010
OECD,100.4462,2010-7-1,2010-07,2010
OECD,100.4943,2010-8-1,2010-08,2010
OECD,100.5725,2010-9-1,2010-09,2010
OECD,100.709,2010-10-1,2010-10,2010
OECD,100.8803,2010-11-1,2010-11,2010
OECD,101.0533,2010-12-1,2010-12,2010
OECD,101.1752,2011-1-1,2011-01,2011
OECD,101.2238,2011-2-1,2011-02,2011
OECD,101.1608,2011-3-1,2011-03,2011
OECD,100.9911,2011-4-1,2011-04,2011
OECD,100.7476,2011-5-1,2011-05,2011
OECD,100.5602,2011-6-1,2011-06,2011
OECD,100.3667,2011-7-1,2011-07,2011
OECD,100.1936,2011-8-1,2011-08,2011
OECD,100.0436,2011-9-1,2011-09,2011
OECD,99.92417,2011-10-1,2011-10,2011
OECD,99.87943,2011-11-1,2011-11,2011
OECD,99.91654,2011-12-1,2011-12,2011
OECD,100.004,2012-1-1,2012-01,2012
OECD,100.0964,2012-2-1,2012-02,2012
OECD,100.1361,2012-3-1,2012-03,2012
OECD,100.0829,2012-4-1,2012-04,2012
OECD,99.91145,2012-5-1,2012-05,2012
OECD,99.705,2012-6-1,2012-06,2012
OECD,99.56397,2012-7-1,2012-07,2012
OECD,99.48916,2012-8-1,2012-08,2012
OECD,99.44772,2012-9-1,2012-09,2012
OECD,99.39716,2012-10-1,2012-10,2012
OECD,99.40134,2012-11-1,2012-11,2012
OECD,99.50805,2012-12-1,2012-12,2012
OECD,99.66026,2013-1-1,2013-01,2013
OECD,99.76833,2013-2-1,2013-02,2013
OECD,99.74257,2013-3-1,2013-03,2013
OECD,99.67274,2013-4-1,2013-04,2013
OECD,99.67941,2013-5-1,2013-05,2013
OECD,99.79205,2013-6-1,2013-06,2013
OECD,99.95656,2013-7-1,2013-07,2013
OECD,100.1361,2013-8-1,2013-08,2013
OECD,100.2739,2013-9-1,2013-09,2013
OECD,100.3601,2013-10-1,2013-10,2013
OECD,100.4193,2013-11-1,2013-11,2013
OECD,100.411,2013-12-1,2013-12,2013
OECD,100.3684,2014-1-1,2014-01,2014
OECD,100.3929,2014-2-1,2014-02,2014
OECD,100.4357,2014-3-1,2014-03,2014
OECD,100.4751,2014-4-1,2014-04,2014
OECD,100.4877,2014-5-1,2014-05,2014
OECD,100.481,2014-6-1,2014-06,2014
OECD,100.4942,2014-7-1,2014-07,2014
OECD,100.5209,2014-8-1,2014-08,2014
OECD,100.5263,2014-9-1,2014-09,2014
OECD,100.551,2014-10-1,2014-10,2014
OECD,100.5277,2014-11-1,2014-11,2014
OECD,100.4281,2014-12-1,2014-12,2014
OECD,100.3277,2015-1-1,2015-01,2015
OECD,100.2416,2015-2-1,2015-02,2015
OECD,100.1774,2015-3-1,2015-03,2015
OECD,100.1593,2015-4-1,2015-04,2015
OECD,100.1617,2015-5-1,2015-05,2015
OECD,100.1221,2015-6-1,2015-06,2015
OECD,100.0515,2015-7-1,2015-07,2015
OECD,99.97792,2015-8-1,2015-08,2015
OECD,99.9186,2015-9-1,2015-09,2015
OECD,99.88103,2015-10-1,2015-10,2015
OECD,99.84536,2015-11-1,2015-11,2015
OECD,99.82643,2015-12-1,2015-12,2015
OECD,99.83367,2016-1-1,2016-01,2016
OECD,99.88696,2016-2-1,2016-02,2016
OECD,99.9593,2016-3-1,2016-03,2016
OECD,100.0096,2016-4-1,2016-04,2016
OECD,100.0521,2016-5-1,2016-05,2016
OECDE,101.0099,2008-1-1,2008-01,2008
OECDE,100.8856,2008-2-1,2008-02,2008
OECDE,100.7966,2008-3-1,2008-03,2008
OECDE,100.6085,2008-4-1,2008-04,2008
OECDE,100.4152,2008-5-1,2008-05,2008
OECDE,100.2125,2008-6-1,2008-06,2008
OECDE,99.93226,2008-7-1,2008-07,2008
OECDE,99.50205,2008-8-1,2008-08,2008
OECDE,98.83434,2008-9-1,2008-09,2008
OECDE,97.97091,2008-10-1,2008-10,2008
OECDE,97.12361,2008-11-1,2008-11,2008
OECDE,96.47805,2008-12-1,2008-12,2008
OECDE,96.08561,2009-1-1,2009-01,2009
OECDE,95.86902,2009-2-1,2009-02,2009
OECDE,95.909,2009-3-1,2009-03,2009
OECDE,96.27748,2009-4-1,2009-04,2009
OECDE,96.74319,2009-5-1,2009-05,2009
OECDE,97.12781,2009-6-1,2009-06,2009
OECDE,97.4633,2009-7-1,2009-07,2009
OECDE,97.77135,2009-8-1,2009-08,2009
OECDE,98.03313,2009-9-1,2009-09,2009
OECDE,98.32671,2009-10-1,2009-10,2009
OECDE,98.61716,2009-11-1,2009-11,2009
OECDE,98.9209,2009-12-1,2009-12,2009
OECDE,99.20469,2010-1-1,2010-01,2010
OECDE,99.47881,2010-2-1,2010-02,2010
OECDE,99.76662,2010-3-1,2010-03,2010
OECDE,99.99438,2010-4-1,2010-04,2010
OECDE,100.1234,2010-5-1,2010-05,2010
OECDE,100.2103,2010-6-1,2010-06,2010
OECDE,100.3451,2010-7-1,2010-07,2010
OECDE,100.4819,2010-8-1,2010-08,2010
OECDE,100.611,2010-9-1,2010-09,2010
OECDE,100.7675,2010-10-1,2010-10,2010
OECDE,100.9611,2010-11-1,2010-11,2010
OECDE,101.1757,2010-12-1,2010-12,2010
OECDE,101.2951,2011-1-1,2011-01,2011
OECDE,101.336,2011-2-1,2011-02,2011
OECDE,101.2988,2011-3-1,2011-03,2011
OECDE,101.1973,2011-4-1,2011-04,2011
OECDE,101.0612,2011-5-1,2011-05,2011
OECDE,100.8922,2011-6-1,2011-06,2011
OECDE,100.6618,2011-7-1,2011-07,2011
OECDE,100.3856,2011-8-1,2011-08,2011
OECDE,100.1087,2011-9-1,2011-09,2011
OECDE,99.88694,2011-10-1,2011-10,2011
OECDE,99.77419,2011-11-1,2011-11,2011
OECDE,99.75677,2011-12-1,2011-12,2011
OECDE,99.82722,2012-1-1,2012-01,2012
OECDE,99.93089,2012-2-1,2012-02,2012
OECDE,99.96088,2012-3-1,2012-03,2012
OECDE,99.86542,2012-4-1,2012-04,2012
OECDE,99.66029,2012-5-1,2012-05,2012
OECDE,99.46492,2012-6-1,2012-06,2012
OECDE,99.32504,2012-7-1,2012-07,2012
OECDE,99.20737,2012-8-1,2012-08,2012
OECDE,99.1529,2012-9-1,2012-09,2012
OECDE,99.15687,2012-10-1,2012-10,2012
OECDE,99.22809,2012-11-1,2012-11,2012
OECDE,99.31412,2012-12-1,2012-12,2012
OECDE,99.37257,2013-1-1,2013-01,2013
OECDE,99.45415,2013-2-1,2013-02,2013
OECDE,99.47614,2013-3-1,2013-03,2013
OECDE,99.45737,2013-4-1,2013-04,2013
OECDE,99.4958,2013-5-1,2013-05,2013
OECDE,99.61108,2013-6-1,2013-06,2013
OECDE,99.78903,2013-7-1,2013-07,2013
OECDE,100.0177,2013-8-1,2013-08,2013
OECDE,100.2388,2013-9-1,2013-09,2013
OECDE,100.3936,2013-10-1,2013-10,2013
OECDE,100.5095,2013-11-1,2013-11,2013
OECDE,100.5408,2013-12-1,2013-12,2013
OECDE,100.5284,2014-1-1,2014-01,2014
OECDE,100.527,2014-2-1,2014-02,2014
OECDE,100.5537,2014-3-1,2014-03,2014
OECDE,100.6027,2014-4-1,2014-04,2014
OECDE,100.6203,2014-5-1,2014-05,2014
OECDE,100.6002,2014-6-1,2014-06,2014
OECDE,100.5651,2014-7-1,2014-07,2014
OECDE,100.5234,2014-8-1,2014-08,2014
OECDE,100.5067,2014-9-1,2014-09,2014
OECDE,100.5351,2014-10-1,2014-10,2014
OECDE,100.5291,2014-11-1,2014-11,2014
OECDE,100.4743,2014-12-1,2014-12,2014
OECDE,100.4054,2015-1-1,2015-01,2015
OECDE,100.3508,2015-2-1,2015-02,2015
OECDE,100.3252,2015-3-1,2015-03,2015
OECDE,100.3488,2015-4-1,2015-04,2015
OECDE,100.3698,2015-5-1,2015-05,2015
OECDE,100.3596,2015-6-1,2015-06,2015
OECDE,100.3474,2015-7-1,2015-07,2015
OECDE,100.3307,2015-8-1,2015-08,2015
OECDE,100.3369,2015-9-1,2015-09,2015
OECDE,100.3832,2015-10-1,2015-10,2015
OECDE,100.4119,2015-11-1,2015-11,2015
OECDE,100.426,2015-12-1,2015-12,2015
OECDE,100.3922,2016-1-1,2016-01,2016
OECDE,100.3178,2016-2-1,2016-02,2016
OECDE,100.2811,2016-3-1,2016-03,2016
OECDE,100.2777,2016-4-1,2016-04,2016
OECDE,100.291,2016-5-1,2016-05,2016
RUS,103.3722,2008-1-1,2008-01,2008
RUS,103.2808,2008-2-1,2008-02,2008
RUS,103.3111,2008-3-1,2008-03,2008
RUS,103.3465,2008-4-1,2008-04,2008
RUS,103.2033,2008-5-1,2008-05,2008
RUS,102.9278,2008-6-1,2008-06,2008
RUS,102.451,2008-7-1,2008-07,2008
RUS,101.9434,2008-8-1,2008-08,2008
RUS,100.6254,2008-9-1,2008-09,2008
RUS,98.64494,2008-10-1,2008-10,2008
RUS,96.44587,2008-11-1,2008-11,2008
RUS,95.07323,2008-12-1,2008-12,2008
RUS,94.65844,2009-1-1,2009-01,2009
RUS,94.88657,2009-2-1,2009-02,2009
RUS,95.29367,2009-3-1,2009-03,2009
RUS,95.75394,2009-4-1,2009-04,2009
RUS,96.39005,2009-5-1,2009-05,2009
RUS,96.94485,2009-6-1,2009-06,2009
RUS,97.50504,2009-7-1,2009-07,2009
RUS,98.11655,2009-8-1,2009-08,2009
RUS,98.67606,2009-9-1,2009-09,2009
RUS,99.09019,2009-10-1,2009-10,2009
RUS,99.19682,2009-11-1,2009-11,2009
RUS,99.05573,2009-12-1,2009-12,2009
RUS,99.40587,2010-1-1,2010-01,2010
RUS,99.76405,2010-2-1,2010-02,2010
RUS,100.1873,2010-3-1,2010-03,2010
RUS,100.6736,2010-4-1,2010-04,2010
RUS,101.1572,2010-5-1,2010-05,2010
RUS,101.4283,2010-6-1,2010-06,2010
RUS,101.8774,2010-7-1,2010-07,2010
RUS,102.3524,2010-8-1,2010-08,2010
RUS,102.8194,2010-9-1,2010-09,2010
RUS,103.0083,2010-10-1,2010-10,2010
RUS,102.725,2010-11-1,2010-11,2010
RUS,102.5112,2010-12-1,2010-12,2010
RUS,102.3428,2011-1-1,2011-01,2011
RUS,102.3126,2011-2-1,2011-02,2011
RUS,102.1533,2011-3-1,2011-03,2011
RUS,102.1991,2011-4-1,2011-04,2011
RUS,102.4202,2011-5-1,2011-05,2011
RUS,102.5882,2011-6-1,2011-06,2011
RUS,102.3247,2011-7-1,2011-07,2011
RUS,101.9951,2011-8-1,2011-08,2011
RUS,101.6851,2011-9-1,2011-09,2011
RUS,101.6112,2011-10-1,2011-10,2011
RUS,101.3262,2011-11-1,2011-11,2011
RUS,100.9778,2011-12-1,2011-12,2011
RUS,100.8432,2012-1-1,2012-01,2012
RUS,100.7878,2012-2-1,2012-02,2012
RUS,100.6919,2012-3-1,2012-03,2012
RUS,100.4287,2012-4-1,2012-04,2012
RUS,100.0574,2012-5-1,2012-05,2012
RUS,99.92587,2012-6-1,2012-06,2012
RUS,100.1465,2012-7-1,2012-07,2012
RUS,100.4781,2012-8-1,2012-08,2012
RUS,100.6287,2012-9-1,2012-09,2012
RUS,100.3083,2012-10-1,2012-10,2012
RUS,99.97342,2012-11-1,2012-11,2012
RUS,99.97066,2012-12-1,2012-12,2012
RUS,99.84934,2013-1-1,2013-01,2013
RUS,99.85271,2013-2-1,2013-02,2013
RUS,99.98612,2013-3-1,2013-03,2013
RUS,99.95158,2013-4-1,2013-04,2013
RUS,99.82848,2013-5-1,2013-05,2013
RUS,99.7577,2013-6-1,2013-06,2013
RUS,100.0479,2013-7-1,2013-07,2013
RUS,100.2365,2013-8-1,2013-08,2013
RUS,100.2963,2013-9-1,2013-09,2013
RUS,100.3495,2013-10-1,2013-10,2013
RUS,100.3801,2013-11-1,2013-11,2013
RUS,100.3197,2013-12-1,2013-12,2013
RUS,100.1678,2014-1-1,2014-01,2014
RUS,100.1295,2014-2-1,2014-02,2014
RUS,100.1307,2014-3-1,2014-03,2014
RUS,100.0795,2014-4-1,2014-04,2014
RUS,100.3813,2014-5-1,2014-05,2014
RUS,101.0093,2014-6-1,2014-06,2014
RUS,101.536,2014-7-1,2014-07,2014
RUS,101.814,2014-8-1,2014-08,2014
RUS,101.8173,2014-9-1,2014-09,2014
RUS,101.6365,2014-10-1,2014-10,2014
RUS,101.3887,2014-11-1,2014-11,2014
RUS,101.2211,2014-12-1,2014-12,2014
RUS,101.0315,2015-1-1,2015-01,2015
RUS,100.8195,2015-2-1,2015-02,2015
RUS,100.8997,2015-3-1,2015-03,2015
RUS,101.1031,2015-4-1,2015-04,2015
RUS,101.065,2015-5-1,2015-05,2015
RUS,100.9138,2015-6-1,2015-06,2015
RUS,100.9242,2015-7-1,2015-07,2015
RUS,101.2443,2015-8-1,2015-08,2015
RUS,101.3769,2015-9-1,2015-09,2015
RUS,101.2877,2015-10-1,2015-10,2015
RUS,101.0369,2015-11-1,2015-11,2015
RUS,100.5037,2015-12-1,2015-12,2015
RUS,99.93582,2016-1-1,2016-01,2016
RUS,99.7507,2016-2-1,2016-02,2016
RUS,100.3735,2016-3-1,2016-03,2016
RUS,101.0641,2016-4-1,2016-04,2016
RUS,101.4782,2016-5-1,2016-05,2016
TUR,95.7749,2009-9-1,2009-09,2009
TUR,95.63808,2009-10-1,2009-10,2009
TUR,95.99559,2009-11-1,2009-11,2009
TUR,96.89097,2009-12-1,2009-12,2009
TUR,97.5138,2010-1-1,2010-01,2010
TUR,97.92232,2010-2-1,2010-02,2010
TUR,98.70596,2010-3-1,2010-03,2010
TUR,99.28009,2010-4-1,2010-04,2010
TUR,99.16898,2010-5-1,2010-05,2010
TUR,99.12898,2010-6-1,2010-06,2010
TUR,99.58763,2010-7-1,2010-07,2010
TUR,99.99398,2010-8-1,2010-08,2010
TUR,100.1443,2010-9-1,2010-09,2010
TUR,100.3253,2010-10-1,2010-10,2010
TUR,100.7126,2010-11-1,2010-11,2010
TUR,100.9709,2010-12-1,2010-12,2010
TUR,100.7497,2011-1-1,2011-01,2011
TUR,100.2871,2011-2-1,2011-02,2011
TUR,99.91582,2011-3-1,2011-03,2011
TUR,99.88395,2011-4-1,2011-04,2011
TUR,100.2897,2011-5-1,2011-05,2011
TUR,100.7557,2011-6-1,2011-06,2011
TUR,101.0139,2011-7-1,2011-07,2011
TUR,100.877,2011-8-1,2011-08,2011
TUR,100.4545,2011-9-1,2011-09,2011
TUR,99.48105,2011-10-1,2011-10,2011
TUR,98.69285,2011-11-1,2011-11,2011
TUR,98.12579,2011-12-1,2011-12,2011
TUR,97.98649,2012-1-1,2012-01,2012
TUR,98.51456,2012-2-1,2012-02,2012
TUR,99.34525,2012-3-1,2012-03,2012
TUR,99.76258,2012-4-1,2012-04,2012
TUR,99.539,2012-5-1,2012-05,2012
TUR,98.91483,2012-6-1,2012-06,2012
TUR,98.69199,2012-7-1,2012-07,2012
TUR,98.60961,2012-8-1,2012-08,2012
TUR,98.69901,2012-9-1,2012-09,2012
TUR,98.98438,2012-10-1,2012-10,2012
TUR,99.08552,2012-11-1,2012-11,2012
TUR,98.87953,2012-12-1,2012-12,2012
TUR,98.71881,2013-1-1,2013-01,2013
TUR,99.15508,2013-2-1,2013-02,2013
TUR,99.58581,2013-3-1,2013-03,2013
TUR,99.65471,2013-4-1,2013-04,2013
TUR,99.70288,2013-5-1,2013-05,2013
TUR,99.92319,2013-6-1,2013-06,2013
TUR,100.1144,2013-7-1,2013-07,2013
TUR,100.3088,2013-8-1,2013-08,2013
TUR,100.4896,2013-9-1,2013-09,2013
TUR,100.4634,2013-10-1,2013-10,2013
TUR,100.2556,2013-11-1,2013-11,2013
TUR,99.89131,2013-12-1,2013-12,2013
TUR,99.60451,2014-1-1,2014-01,2014
TUR,99.57919,2014-2-1,2014-02,2014
TUR,99.79308,2014-3-1,2014-03,2014
TUR,100.1172,2014-4-1,2014-04,2014
TUR,100.3618,2014-5-1,2014-05,2014
TUR,100.4669,2014-6-1,2014-06,2014
TUR,100.5467,2014-7-1,2014-07,2014
TUR,100.599,2014-8-1,2014-08,2014
TUR,100.7589,2014-9-1,2014-09,2014
TUR,100.9382,2014-10-1,2014-10,2014
TUR,100.6219,2014-11-1,2014-11,2014
TUR,100.1188,2014-12-1,2014-12,2014
TUR,99.4417,2015-1-1,2015-01,2015
TUR,98.86551,2015-2-1,2015-02,2015
TUR,98.57301,2015-3-1,2015-03,2015
TUR,98.90266,2015-4-1,2015-04,2015
TUR,99.18722,2015-5-1,2015-05,2015
TUR,99.25905,2015-6-1,2015-06,2015
TUR,99.23405,2015-7-1,2015-07,2015
TUR,99.09725,2015-8-1,2015-08,2015
TUR,98.98333,2015-9-1,2015-09,2015
TUR,99.45702,2015-10-1,2015-10,2015
TUR,100.0834,2015-11-1,2015-11,2015
TUR,100.2929,2015-12-1,2015-12,2015
TUR,99.99915,2016-1-1,2016-01,2016
TUR,99.46376,2016-2-1,2016-02,2016
TUR,99.08387,2016-3-1,2016-03,2016
TUR,98.98347,2016-4-1,2016-04,2016
TUR,98.94454,2016-5-1,2016-05,2016
USA,99.19897,2008-1-1,2008-01,2008
USA,99.10889,2008-2-1,2008-02,2008
USA,99.08532,2008-3-1,2008-03,2008
USA,99.14987,2008-4-1,2008-04,2008
USA,99.2881,2008-5-1,2008-05,2008
USA,99.38499,2008-6-1,2008-06,2008
USA,99.29765,2008-7-1,2008-07,2008
USA,98.88495,2008-8-1,2008-08,2008
USA,98.05273,2008-9-1,2008-09,2008
USA,97.14539,2008-10-1,2008-10,2008
USA,96.42807,2008-11-1,2008-11,2008
USA,96.0237,2008-12-1,2008-12,2008
USA,96.06073,2009-1-1,2009-01,2009
USA,96.27596,2009-2-1,2009-02,2009
USA,96.65248,2009-3-1,2009-03,2009
USA,97.22559,2009-4-1,2009-04,2009
USA,97.85389,2009-5-1,2009-05,2009
USA,98.48997,2009-6-1,2009-06,2009
USA,99.14273,2009-7-1,2009-07,2009
USA,99.68426,2009-8-1,2009-08,2009
USA,99.99866,2009-9-1,2009-09,2009
USA,100.2211,2009-10-1,2009-10,2009
USA,100.3387,2009-11-1,2009-11,2009
USA,100.5594,2009-12-1,2009-12,2009
USA,100.8772,2010-1-1,2010-01,2010
USA,101.105,2010-2-1,2010-02,2010
USA,101.2951,2010-3-1,2010-03,2010
USA,101.2369,2010-4-1,2010-04,2010
USA,100.9634,2010-5-1,2010-05,2010
USA,100.6402,2010-6-1,2010-06,2010
USA,100.4594,2010-7-1,2010-07,2010
USA,100.4355,2010-8-1,2010-08,2010
USA,100.5439,2010-9-1,2010-09,2010
USA,100.766,2010-10-1,2010-10,2010
USA,101.002,2010-11-1,2010-11,2010
USA,101.1862,2010-12-1,2010-12,2010
USA,101.3251,2011-1-1,2011-01,2011
USA,101.3765,2011-2-1,2011-02,2011
USA,101.2797,2011-3-1,2011-03,2011
USA,101.0304,2011-4-1,2011-04,2011
USA,100.6298,2011-5-1,2011-05,2011
USA,100.376,2011-6-1,2011-06,2011
USA,100.1047,2011-7-1,2011-07,2011
USA,99.92804,2011-8-1,2011-08,2011
USA,99.8099,2011-9-1,2011-09,2011
USA,99.72126,2011-10-1,2011-10,2011
USA,99.73737,2011-11-1,2011-11,2011
USA,99.85213,2011-12-1,2011-12,2011
USA,99.98311,2012-1-1,2012-01,2012
USA,100.0888,2012-2-1,2012-02,2012
USA,100.143,2012-3-1,2012-03,2012
USA,100.1137,2012-4-1,2012-04,2012
USA,99.93009,2012-5-1,2012-05,2012
USA,99.65891,2012-6-1,2012-06,2012
USA,99.49883,2012-7-1,2012-07,2012
USA,99.48181,2012-8-1,2012-08,2012
USA,99.48561,2012-9-1,2012-09,2012
USA,99.3984,2012-10-1,2012-10,2012
USA,99.34705,2012-11-1,2012-11,2012
USA,99.5101,2012-12-1,2012-12,2012
USA,99.81051,2013-1-1,2013-01,2013
USA,99.96352,2013-2-1,2013-02,2013
USA,99.83025,2013-3-1,2013-03,2013
USA,99.62317,2013-4-1,2013-04,2013
USA,99.59647,2013-5-1,2013-05,2013
USA,99.81017,2013-6-1,2013-06,2013
USA,100.1146,2013-7-1,2013-07,2013
USA,100.3796,2013-8-1,2013-08,2013
USA,100.5068,2013-9-1,2013-09,2013
USA,100.544,2013-10-1,2013-10,2013
USA,100.5156,2013-11-1,2013-11,2013
USA,100.3861,2013-12-1,2013-12,2013
USA,100.2143,2014-1-1,2014-01,2014
USA,100.2624,2014-2-1,2014-02,2014
USA,100.3656,2014-3-1,2014-03,2014
USA,100.4539,2014-4-1,2014-04,2014
USA,100.5122,2014-5-1,2014-05,2014
USA,100.5551,2014-6-1,2014-06,2014
USA,100.6534,2014-7-1,2014-07,2014
USA,100.785,2014-8-1,2014-08,2014
USA,100.8005,2014-9-1,2014-09,2014
USA,100.8184,2014-10-1,2014-10,2014
USA,100.7252,2014-11-1,2014-11,2014
USA,100.4732,2014-12-1,2014-12,2014
USA,100.2162,2015-1-1,2015-01,2015
USA,100.0131,2015-2-1,2015-02,2015
USA,99.87378,2015-3-1,2015-03,2015
USA,99.83597,2015-4-1,2015-04,2015
USA,99.89322,2015-5-1,2015-05,2015
USA,99.88527,2015-6-1,2015-06,2015
USA,99.75715,2015-7-1,2015-07,2015
USA,99.56715,2015-8-1,2015-08,2015
USA,99.3618,2015-9-1,2015-09,2015
USA,99.17601,2015-10-1,2015-10,2015
USA,99.02748,2015-11-1,2015-11,2015
USA,98.97595,2015-12-1,2015-12,2015
USA,99.06079,2016-1-1,2016-01,2016
USA,99.26811,2016-2-1,2016-02,2016
USA,99.48814,2016-3-1,2016-03,2016
USA,99.58212,2016-4-1,2016-04,2016
USA,99.64746,2016-5-1,2016-05,2016
